pdb_id,pep_identity,mhc_identity,tcrA_identity,tcrB_identity,total_identity
4eup,11.1111111111,100.0,87.962962963,33.6363636364,57.3035914703
3o4l,11.1111111111,100.0,48.5981308411,28.3185840708,49.8564895224
5d2n,11.1111111111,99.4413407821,23.3644859813,39.1304347826,47.2666374251
4mnq,11.1111111111,100.0,32.4324324324,27.6785714286,47.0555376805
