pdb_id,pep_identity,mhc_identity,tcrA_identity,tcrB_identity,total_identity
4eup,33.3333333333,100.0,87.962962963,33.6363636364,64.7109988777
5eu6,33.3333333333,100.0,41.592920354,41.592920354,58.3087512291
2bnq,33.3333333333,100.0,40.7079646018,27.9279279279,55.8837598661
